[{"jmdj":[{"id":"1","name":"\u52a0\u5bc6\u7b49\u7ea7\u4e00","text":"\u59d3\u540d,\u8eab\u4efd\u8bc1\u53f7,\u624b\u673a\u53f7,\u7535\u8bdd,\u83b7\u53d6\u62a5\u544aEMAIL,\u83b7\u53d6\u62a5\u544a\u624b\u673a\u53f7,Email","value":"xm,sfzh,mobile,phone,sv_email,sv_mobile,email"},{"id":"2","name":"\u52a0\u5bc6\u7b49\u7ea7\u4e8c","text":"\u59d3\u540d,\u8eab\u4efd\u8bc1\u53f7,\u624b\u673a\u53f7,\u7535\u8bdd,\u83b7\u53d6\u62a5\u544aEMAIL,\u83b7\u53d6\u62a5\u544a\u624b\u673a\u53f7,Email,\u5730\u5740,\u5a5a\u59fb\u72b6\u51b5","value":"xm,sfzh,mobile,phone,sv_email,sv_mobile,email,address,hyzk"},{"id":"3","name":"\u52a0\u5bc6\u7b49\u7ea7\u4e09","text":"\u59d3\u540d,\u8eab\u4efd\u8bc1\u53f7,\u624b\u673a\u53f7,\u7535\u8bdd,\u83b7\u53d6\u62a5\u544aEMAIL,\u83b7\u53d6\u62a5\u544a\u624b\u673a\u53f7,Email,\u5730\u5740,\u5a5a\u59fb\u72b6\u51b5,\u804c\u52a1,\u804c\u79f0,\u5355\u4f4d","value":"xm,sfzh,mobile,phone,sv_email,sv_mobile,email,address,hyzk,zw,zc,dwname"}]}]